{
  "meta": {
    "source_notebook": "Detecting_Parkinson's_Disease_.ipynb",
    "data_file": "parkinsons.data",
    "data_sha256_prefix": "a36116c2deac0789",
    "pipeline": {
      "pca_variance_ratio": 0.95,
      "pca_n_components": 3,
      "train_test_split": {
        "test_size": 0.2,
        "random_state": 7
      },
      "features": "raw (no scaler before PCA), matches notebook"
    },
    "deviations_from_notebook": [
      "RandomForestClassifier(criterion='entropy') uses random_state=14 (notebook omitted).",
      "XGBClassifier(random_state=7) (notebook used default XGBClassifier())."
    ],
    "sklearn_note": "SVC uses decision_function for ROC when predict_proba is unavailable."
  },
  "models": [
    {
      "slug": "logistic-regression",
      "name": "Logistic Regression",
      "accuracy": 0.8205128205128205,
      "precision": 0.8378378378378378,
      "recall": 0.96875,
      "f1": 0.8985507246376812,
      "roc_auc": 0.6875,
      "roc_curve": {
        "fpr": [
          0.0,
          0.0,
          0.0,
          0.14285714285714285,
          0.14285714285714285,
          0.42857142857142855,
          0.42857142857142855,
          0.5714285714285714,
          0.5714285714285714,
          0.7142857142857143,
          0.7142857142857143,
          0.8571428571428571,
          0.8571428571428571,
          1.0,
          1.0
        ],
        "tpr": [
          0.0,
          0.03125,
          0.28125,
          0.28125,
          0.59375,
          0.59375,
          0.75,
          0.75,
          0.78125,
          0.78125,
          0.84375,
          0.84375,
          0.96875,
          0.96875,
          1.0
        ]
      }
    },
    {
      "slug": "decision-tree",
      "name": "Decision Tree",
      "accuracy": 0.8461538461538461,
      "precision": 0.90625,
      "recall": 0.90625,
      "f1": 0.90625,
      "roc_auc": 0.7388392857142856,
      "roc_curve": {
        "fpr": [
          0.0,
          0.42857142857142855,
          1.0
        ],
        "tpr": [
          0.0,
          0.90625,
          1.0
        ]
      }
    },
    {
      "slug": "random-forest-gini",
      "name": "Random Forest (gini)",
      "accuracy": 0.7948717948717948,
      "precision": 0.8529411764705882,
      "recall": 0.90625,
      "f1": 0.8787878787878788,
      "roc_auc": 0.7924107142857143,
      "roc_curve": {
        "fpr": [
          0.0,
          0.0,
          0.0,
          0.0,
          0.0,
          0.14285714285714285,
          0.14285714285714285,
          0.14285714285714285,
          0.2857142857142857,
          0.2857142857142857,
          0.2857142857142857,
          0.42857142857142855,
          0.42857142857142855,
          0.5714285714285714,
          0.5714285714285714,
          0.7142857142857143,
          0.7142857142857143,
          0.8571428571428571,
          0.8571428571428571,
          1.0
        ],
        "tpr": [
          0.0,
          0.1875,
          0.3125,
          0.375,
          0.40625,
          0.4375,
          0.5625,
          0.625,
          0.65625,
          0.71875,
          0.75,
          0.75,
          0.875,
          0.875,
          0.90625,
          0.90625,
          0.9375,
          0.96875,
          1.0,
          1.0
        ]
      }
    },
    {
      "slug": "random-forest-entropy",
      "name": "Random Forest (entropy)",
      "accuracy": 0.7948717948717948,
      "precision": 0.8529411764705882,
      "recall": 0.90625,
      "f1": 0.8787878787878788,
      "roc_auc": 0.7790178571428571,
      "roc_curve": {
        "fpr": [
          0.0,
          0.0,
          0.0,
          0.0,
          0.14285714285714285,
          0.14285714285714285,
          0.14285714285714285,
          0.2857142857142857,
          0.2857142857142857,
          0.2857142857142857,
          0.2857142857142857,
          0.42857142857142855,
          0.42857142857142855,
          0.42857142857142855,
          0.5714285714285714,
          0.5714285714285714,
          0.7142857142857143,
          0.7142857142857143,
          0.8571428571428571,
          0.8571428571428571,
          1.0
        ],
        "tpr": [
          0.0,
          0.125,
          0.1875,
          0.34375,
          0.40625,
          0.53125,
          0.59375,
          0.59375,
          0.65625,
          0.6875,
          0.75,
          0.75,
          0.8125,
          0.875,
          0.875,
          0.90625,
          0.90625,
          0.9375,
          0.96875,
          1.0,
          1.0
        ]
      }
    },
    {
      "slug": "svm",
      "name": "SVM",
      "accuracy": 0.8205128205128205,
      "precision": 0.8378378378378378,
      "recall": 0.96875,
      "f1": 0.8985507246376812,
      "roc_auc": 0.7366071428571428,
      "roc_curve": {
        "fpr": [
          0.0,
          0.0,
          0.14285714285714285,
          0.14285714285714285,
          0.2857142857142857,
          0.2857142857142857,
          0.8571428571428571,
          0.8571428571428571,
          1.0
        ],
        "tpr": [
          0.0,
          0.03125,
          0.03125,
          0.5,
          0.5,
          0.90625,
          0.90625,
          1.0,
          1.0
        ]
      }
    },
    {
      "slug": "knn-k-3",
      "name": "KNN (k=3)",
      "accuracy": 0.8461538461538461,
      "precision": 0.90625,
      "recall": 0.90625,
      "f1": 0.90625,
      "roc_auc": 0.7633928571428572,
      "roc_curve": {
        "fpr": [
          0.0,
          0.2857142857142857,
          0.42857142857142855,
          0.8571428571428571,
          1.0
        ],
        "tpr": [
          0.0,
          0.6875,
          0.90625,
          1.0,
          1.0
        ]
      }
    },
    {
      "slug": "gaussian-nb",
      "name": "Gaussian NB",
      "accuracy": 0.7435897435897436,
      "precision": 0.84375,
      "recall": 0.84375,
      "f1": 0.84375,
      "roc_auc": 0.71875,
      "roc_curve": {
        "fpr": [
          0.0,
          0.0,
          0.0,
          0.14285714285714285,
          0.14285714285714285,
          0.2857142857142857,
          0.2857142857142857,
          0.42857142857142855,
          0.42857142857142855,
          0.8571428571428571,
          0.8571428571428571,
          1.0,
          1.0
        ],
        "tpr": [
          0.0,
          0.03125,
          0.1875,
          0.1875,
          0.59375,
          0.59375,
          0.78125,
          0.78125,
          0.84375,
          0.84375,
          0.9375,
          0.9375,
          1.0
        ]
      }
    },
    {
      "slug": "bernoulli-nb",
      "name": "Bernoulli NB",
      "accuracy": 0.7948717948717948,
      "precision": 0.8333333333333334,
      "recall": 0.9375,
      "f1": 0.8823529411764706,
      "roc_auc": 0.7254464285714286,
      "roc_curve": {
        "fpr": [
          0.0,
          0.0,
          0.14285714285714285,
          0.42857142857142855,
          0.42857142857142855,
          0.42857142857142855,
          0.8571428571428571,
          1.0
        ],
        "tpr": [
          0.0,
          0.125,
          0.46875,
          0.625,
          0.78125,
          0.875,
          0.9375,
          1.0
        ]
      }
    },
    {
      "slug": "voting-ensemble",
      "name": "Voting ensemble",
      "accuracy": 0.7948717948717948,
      "precision": 0.8529411764705882,
      "recall": 0.90625,
      "f1": 0.8787878787878788,
      "roc_auc": 0.78125,